# /

## Pages

- [/](/md/index.md)
- [/5-best-coffee-websites/](/md/5-best-coffee-websites.md)
- [/5-coffee-news-stories-that-i-never-want-to-read-about-ever-again/](/md/5-coffee-news-stories-that-i-never-want-to-read-about-ever-again.md)
- [/11-crazy-coffee-drinks-you-wont-find-on-a-starbucks-menu/](/md/11-crazy-coffee-drinks-you-wont-find-on-a-starbucks-menu.md)
- [/10-am-and-snooze-button/](/md/10-am-and-snooze-button.md)
- [/5-ways-to-make-your-coffee-habit-more-sustainable/](/md/5-ways-to-make-your-coffee-habit-more-sustainable.md)
- [/20-years-of-ineedcoffee/](/md/20-years-of-ineedcoffee.md)
- [/20-amazing-facts-about-coffee/](/md/20-amazing-facts-about-coffee.md)
- [/10-reasons-i-love-cold-brew-coffee/](/md/10-reasons-i-love-cold-brew-coffee.md)
- [/7-easy-tricks-to-make-your-coffee-more-eco-friendly/](/md/7-easy-tricks-to-make-your-coffee-more-eco-friendly.md)
- [/a-coffee-eulogy/](/md/a-coffee-eulogy.md)
- [/a-coffee-lovers-guide-to-tea/](/md/a-coffee-lovers-guide-to-tea.md)
- [/a-coffee-education-in-columbus-ohio/](/md/a-coffee-education-in-columbus-ohio.md)
- [/a-little-more-cream-please/](/md/a-little-more-cream-please.md)
- [/a-new-tradition-chocolate-coffee-cake/](/md/a-new-tradition-chocolate-coffee-cake.md)
- [/a-vac-pot-primer/](/md/a-vac-pot-primer.md)
- [/a-month-without-coffee/](/md/a-month-without-coffee.md)
- [/a-kona-coffee-farmer-considers-global-warming/](/md/a-kona-coffee-farmer-considers-global-warming.md)
- [/a-small-screwball-cake-recipe-for-two/](/md/a-small-screwball-cake-recipe-for-two.md)
- [/a-rancilio-silvia-espresso-machine-tutorial-for-the-caffeine-inclined/](/md/a-rancilio-silvia-espresso-machine-tutorial-for-the-caffeine-inclined.md)
- [/a-tour-of-cafe-do-brasils-roasting-factory/](/md/a-tour-of-cafe-do-brasils-roasting-factory.md)
- [/about/](/md/about.md): The history of INeedCoffee.
- [/a-world-of-coffee-flavors/](/md/a-world-of-coffee-flavors.md)
- [/accelerated-caffeine-detox/](/md/accelerated-caffeine-detox.md)
- [/arabica-vs-robusta-no-contest/](/md/arabica-vs-robusta-no-contest.md)
- [/adjustable-mr-coffee-burr-mill/](/md/adjustable-mr-coffee-burr-mill.md)
- [/alexs-worst-cup-of-coffee-ever/](/md/alexs-worst-cup-of-coffee-ever.md)
- [/advice-on-starting-a-coffee-business/](/md/advice-on-starting-a-coffee-business.md)
- [/alternatives-to-using-a-keurig-coffee-maker/](/md/alternatives-to-using-a-keurig-coffee-maker.md)
- [/alkani-cold-brew-coffee-maker-review-tutorial/](/md/alkani-cold-brew-coffee-maker-review-tutorial.md)
- [/an-introduction-to-affogato-recipes-and-tips/](/md/an-introduction-to-affogato-recipes-and-tips.md)
- [/aeropress-coffee-maker-tutorial/](/md/aeropress-coffee-maker-tutorial.md)
- [/anti-starbucks-crusader-to-run-for-new-york-city-mayor/](/md/anti-starbucks-crusader-to-run-for-new-york-city-mayor.md)
- [/art-of-farr-coffee-greeting-cards/](/md/art-of-farr-coffee-greeting-cards.md)
- [/ascent-of-the-green-beans-5-ways-cafes-chains-and-consumers-are-going-green/](/md/ascent-of-the-green-beans-5-ways-cafes-chains-and-consumers-are-going-green.md)
- [/bad-bob-interview/](/md/bad-bob-interview.md)
- [/avoid-hydroxycut-drink-coffee-instead/](/md/avoid-hydroxycut-drink-coffee-instead.md)
- [/autumn-holiday-coffee/](/md/autumn-holiday-coffee.md)
- [/beansafe-coffee-storage-container-review/](/md/beansafe-coffee-storage-container-review.md)
- [/avoiding-plastic-3-stainless-steel-electric-kettle-options/](/md/avoiding-plastic-3-stainless-steel-electric-kettle-options.md)
- [/battle-handheld-espresso-makers-handpresso-wild-hybrid-vs-wacaco-minipresso-gr/](/md/battle-handheld-espresso-makers-handpresso-wild-hybrid-vs-wacaco-minipresso-gr.md)
- [/barbeque-coffee/](/md/barbeque-coffee.md)
- [/before-and-after-the-coffee-flavoring-debate/](/md/before-and-after-the-coffee-flavoring-debate.md)
- [/backcountry-coffee-redux/](/md/backcountry-coffee-redux.md)
- [/before-there-was-tea-there-was-coffee/](/md/before-there-was-tea-there-was-coffee.md)
- [/behmor-1600-coffee-roaster-tutorial/](/md/behmor-1600-coffee-roaster-tutorial.md)
- [/behmor-1600-coffee-roaster-first-impression/](/md/behmor-1600-coffee-roaster-first-impression.md)
- [/best-coffee-grinders-100/](/md/best-coffee-grinders-100.md)
- [/best-in-show-coffee-comics-1/](/md/best-in-show-coffee-comics-1.md)
- [/bill-clinton-coffee-achiever/](/md/bill-clinton-coffee-achiever.md)
- [/brew-vietnamese-coffee/](/md/brew-vietnamese-coffee.md)
- [/best-in-show-coffee-comics-2/](/md/best-in-show-coffee-comics-2.md)
- [/blood-pressure-and-coffee/](/md/blood-pressure-and-coffee.md)
- [/bonavita-coffee-maker-versus-technivorm-moccamaster/](/md/bonavita-coffee-maker-versus-technivorm-moccamaster.md)
- [/breast-milk-lattes-are-just-a-novelty/](/md/breast-milk-lattes-are-just-a-novelty.md)
- [/best-in-show-coffee-comics-3/](/md/best-in-show-coffee-comics-3.md)
- [/bialetti-diva/](/md/bialetti-diva.md)
- [/black-forest-coffee/](/md/black-forest-coffee.md)
- [/black-coffee-and-espresso-not-calorie-free/](/md/black-coffee-and-espresso-not-calorie-free.md)
- [/brewing-coffee-coffee-sock/](/md/brewing-coffee-coffee-sock.md)
- [/by/](/md/by.md)
- [/brewing-espresso-in-a-moka/](/md/brewing-espresso-in-a-moka.md)
- [/brewing-turkish-coffee-using-a-traditional-tabletop-burner/](/md/brewing-turkish-coffee-using-a-traditional-tabletop-burner.md)
- [/by/alex-scofield/](/md/by/alex-scofield.md)
- [/building-a-chaff-collector-for-popper-roasting/](/md/building-a-chaff-collector-for-popper-roasting.md)
- [/building-your-own-coffee-roaster/](/md/building-your-own-coffee-roaster.md)
- [/buying-your-first-home-coffee-roaster/](/md/buying-your-first-home-coffee-roaster.md)
- [/by/alex-lang/](/md/by/alex-lang.md)
- [/by/alex-fisenko/](/md/by/alex-fisenko.md)
- [/by/alex-freemon/](/md/by/alex-freemon.md)
- [/buying-a-french-press-picking-the-right-one/](/md/buying-a-french-press-picking-the-right-one.md)
- [/by/alex-nathanson/](/md/by/alex-nathanson.md)
- [/by/alexandra-astakhov/](/md/by/alexandra-astakhov.md)
- [/by/allen-j-pais/](/md/by/allen-j-pais.md)
- [/by/alton-brown/](/md/by/alton-brown.md)
- [/by/amit-ahuja/](/md/by/amit-ahuja.md)
- [/by/andreanne-hamel/](/md/by/andreanne-hamel.md)
- [/by/andrew-cavette/](/md/by/andrew-cavette.md)
- [/by/angela-kuhns/](/md/by/angela-kuhns.md)
- [/by/andrew-hetzel/](/md/by/andrew-hetzel.md)
- [/by/anthony-ramirez/](/md/by/anthony-ramirez.md)
- [/by/ann-korman/](/md/by/ann-korman.md)
- [/by/arthur-montague/](/md/by/arthur-montague.md)
- [/by/andy-saur-angel-sarkela/](/md/by/andy-saur-angel-sarkela.md)
- [/by/asher-yaron/](/md/by/asher-yaron.md)
- [/by/bad-bob/](/md/by/bad-bob.md)
- [/by/ava-cassandra-ruth/](/md/by/ava-cassandra-ruth.md)
- [/by/barbara-stec/](/md/by/barbara-stec.md)
- [/by/barbara-schreibman/](/md/by/barbara-schreibman.md)
- [/by/barbara-zaragoza/](/md/by/barbara-zaragoza.md)
- [/by/bernard-schnacke/](/md/by/bernard-schnacke.md)
- [/by/bill-giduz/](/md/by/bill-giduz.md)
- [/by/bethany-ramos/](/md/by/bethany-ramos.md)
- [/by/ben-brown/](/md/by/ben-brown.md)
- [/by/bobby-sumner/](/md/by/bobby-sumner.md)
- [/by/billy-talen/](/md/by/billy-talen.md)
- [/by/cafe-cartoon/](/md/by/cafe-cartoon.md)
- [/by/catfish-and-aardvark/](/md/by/catfish-and-aardvark.md)
- [/by/cb-miller/](/md/by/cb-miller.md)
- [/by/chandler-unity/](/md/by/chandler-unity.md)
- [/by/christopher-allen-samson/](/md/by/christopher-allen-samson.md)
- [/by/chris-arnold/](/md/by/chris-arnold.md)
- [/by/claude-mackey/](/md/by/claude-mackey.md)
- [/by/christopher-schaefer/](/md/by/christopher-schaefer.md)
- [/by/chuck-harrison/](/md/by/chuck-harrison.md)
- [/by/colossus-of-rhodes/](/md/by/colossus-of-rhodes.md)
- [/by/cid-bus/](/md/by/cid-bus.md)
- [/by/damaa-bell/](/md/by/damaa-bell.md)
- [/by/daniel-foster/](/md/by/daniel-foster.md)
- [/by/daniel-young/](/md/by/daniel-young.md)
- [/by/david-martin/](/md/by/david-martin.md)
- [/by/david-kilpatrick/](/md/by/david-kilpatrick.md)
- [/by/derek-hobbs/](/md/by/derek-hobbs.md)
- [/by/david-laaneorg/](/md/by/david-laaneorg.md)
- [/by/devin-page/](/md/by/devin-page.md)
- [/by/denver-wilkinson/](/md/by/denver-wilkinson.md)
- [/by/dewitt-henderson/](/md/by/dewitt-henderson.md)
- [/by/david-i/](/md/by/david-i.md)
- [/by/donald-machado/](/md/by/donald-machado.md)
- [/by/ellen-ulken/](/md/by/ellen-ulken.md)
- [/by/drew-beal/](/md/by/drew-beal.md)
- [/by/enes-edwards/](/md/by/enes-edwards.md)
- [/by/eugene-hanks/](/md/by/eugene-hanks.md)
- [/by/eyal-rosen/](/md/by/eyal-rosen.md)
- [/by/florence-rosie-givens/](/md/by/florence-rosie-givens.md)
- [/by/greg-matusic/](/md/by/greg-matusic.md)
- [/by/fred-neve/](/md/by/fred-neve.md)
- [/by/gary-strawn/](/md/by/gary-strawn.md)
- [/by/greg-nolan/](/md/by/greg-nolan.md)
- [/by/h-michael-denton/](/md/by/h-michael-denton.md)
- [/by/ivana-petricevic/](/md/by/ivana-petricevic.md)
- [/by/ian-balchin/](/md/by/ian-balchin.md)
- [/by/heidi-tadesse/](/md/by/heidi-tadesse.md)
- [/by/holland-morgan/](/md/by/holland-morgan.md)
- [/by/j-b-bulharowski/](/md/by/j-b-bulharowski.md)
- [/by/james-cameron/](/md/by/james-cameron.md)
- [/by/jacquie-farr/](/md/by/jacquie-farr.md)
- [/by/jason-kotecki/](/md/by/jason-kotecki.md)
- [/by/james-grierson/](/md/by/james-grierson.md)
- [/by/java-goddess/](/md/by/java-goddess.md)
- [/by/jared-gustafson/](/md/by/jared-gustafson.md)
- [/by/jim-slaughter/](/md/by/jim-slaughter.md)
- [/by/jessica-bailey/](/md/by/jessica-bailey.md)
- [/by/jim-liedeka/](/md/by/jim-liedeka.md)
- [/by/joe-poerschke/](/md/by/joe-poerschke.md)
- [/by/john-wolf/](/md/by/john-wolf.md)
- [/by/john-carrier/](/md/by/john-carrier.md)
- [/by/joel-sussman/](/md/by/joel-sussman.md)
- [/by/johnny-ma/](/md/by/johnny-ma.md)
- [/by/kate-nickel/](/md/by/kate-nickel.md)
- [/by/jose-antonio-phd/](/md/by/jose-antonio-phd.md)
- [/by/jordan-rosenacker/](/md/by/jordan-rosenacker.md)
- [/by/jon-norquist/](/md/by/jon-norquist.md)
- [/by/jose-issamu-yamada/](/md/by/jose-issamu-yamada.md)
- [/by/jym-annear/](/md/by/jym-annear.md)
- [/by/joseph-robertson/](/md/by/joseph-robertson.md)
- [/by/karolos-tsiligirian/](/md/by/karolos-tsiligirian.md)
- [/by/karen-lopez/](/md/by/karen-lopez.md)
- [/by/ken-shenkman/](/md/by/ken-shenkman.md)
- [/by/kevin-kilburn/](/md/by/kevin-kilburn.md)
- [/by/larry-stevens/](/md/by/larry-stevens.md)
- [/by/kevin-gilhooly/](/md/by/kevin-gilhooly.md)
- [/by/lugo-ligia/](/md/by/lugo-ligia.md)
- [/by/laura-k-baker/](/md/by/laura-k-baker.md)
- [/by/kristina-amelong/](/md/by/kristina-amelong.md)
- [/by/lola-low/](/md/by/lola-low.md)
- [/by/m-elias-keller/](/md/by/m-elias-keller.md)
- [/by/len-brault/](/md/by/len-brault.md)
- [/by/lura-lee/](/md/by/lura-lee.md)
- [/by/malcolm-pang/](/md/by/malcolm-pang.md)
- [/by/mads-nordskov/](/md/by/mads-nordskov.md)
- [/by/malcom-mcfarren/](/md/by/malcom-mcfarren.md)
- [/by/marcus-stout/](/md/by/marcus-stout.md)
- [/by/manish-jain/](/md/by/manish-jain.md)
- [/by/mari-laura-skjelvik/](/md/by/mari-laura-skjelvik.md)
- [/by/maria-tindemans/](/md/by/maria-tindemans.md)
- [/by/matt-evans/](/md/by/matt-evans.md)
- [/by/margaret-wallauer/](/md/by/margaret-wallauer.md)
- [/by/martine-nijsters/](/md/by/martine-nijsters.md)
- [/by/mark-morphew/](/md/by/mark-morphew.md)
- [/by/mark-prince/](/md/by/mark-prince.md)
- [/by/maria-victoria-suarez/](/md/by/maria-victoria-suarez.md)
- [/by/matt-pitcher/](/md/by/matt-pitcher.md)
- [/by/marketman/](/md/by/marketman.md)
- [/by/maxwell-miller/](/md/by/maxwell-miller.md)
- [/by/melissa-niosi/](/md/by/melissa-niosi.md)
- [/by/michael-allen-smith/](/md/by/michael-allen-smith.md)
- [/by/michael-hibbs/](/md/by/michael-hibbs.md)
- [/by/mike-walton/](/md/by/mike-walton.md)
- [/by/michael-rohde/](/md/by/michael-rohde.md)
- [/by/michael-j-vaughn/](/md/by/michael-j-vaughn.md)
- [/by/molly-crabapple/](/md/by/molly-crabapple.md)
- [/by/myron-joshua/](/md/by/myron-joshua.md)
- [/by/molly-mac/](/md/by/molly-mac.md)
- [/by/natasha-williams/](/md/by/natasha-williams.md)
- [/by/nick-huxsted/](/md/by/nick-huxsted.md)
- [/by/paul-gallagher/](/md/by/paul-gallagher.md)
- [/by/paul-teverow/](/md/by/paul-teverow.md)
- [/by/paul-risman/](/md/by/paul-risman.md)
- [/by/phil-jordan/](/md/by/phil-jordan.md)
- [/by/rachel-elliot/](/md/by/rachel-elliot.md)
- [/by/phil-juliano/](/md/by/phil-juliano.md)
- [/by/ralph-buck/](/md/by/ralph-buck.md)
- [/by/rama-r/](/md/by/rama-r.md)
- [/by/rick-abbott/](/md/by/rick-abbott.md)
- [/by/robert-badgett/](/md/by/robert-badgett.md)
- [/by/rudolf-guild/](/md/by/rudolf-guild.md)
- [/by/raza-imam/](/md/by/raza-imam.md)
- [/by/ran-nir/](/md/by/ran-nir.md)
- [/by/rena-rogers/](/md/by/rena-rogers.md)
- [/by/ryan-l-lewis/](/md/by/ryan-l-lewis.md)
- [/by/sam-hampton/](/md/by/sam-hampton.md)
- [/by/ryan-jacobs/](/md/by/ryan-jacobs.md)
- [/by/shaun-mcgill/](/md/by/shaun-mcgill.md)
- [/by/sebastian-little/](/md/by/sebastian-little.md)
- [/by/samantha-thomas/](/md/by/samantha-thomas.md)
- [/by/sandi-j-holland/](/md/by/sandi-j-holland.md)
- [/by/shaun-pullen/](/md/by/shaun-pullen.md)
- [/by/samantha-joyce/](/md/by/samantha-joyce.md)
- [/by/sheila-thomson/](/md/by/sheila-thomson.md)
- [/by/stefanie-spencer/](/md/by/stefanie-spencer.md)
- [/by/steve-gaythorpe/](/md/by/steve-gaythorpe.md)
- [/by/steve-leighton/](/md/by/steve-leighton.md)
- [/by/steven-parrott/](/md/by/steven-parrott.md)
- [/by/todd-zapoli/](/md/by/todd-zapoli.md)
- [/by/thomas-mccaffrey/](/md/by/thomas-mccaffrey.md)
- [/by/tom-dawkins/](/md/by/tom-dawkins.md)
- [/by/wen-zientek-sico/](/md/by/wen-zientek-sico.md)
- [/by/tracy-butenko/](/md/by/tracy-butenko.md)
- [/by/tim-schenck/](/md/by/tim-schenck.md)
- [/by/sue-zeger/](/md/by/sue-zeger.md)
- [/by/tom-mossey/](/md/by/tom-mossey.md)
- [/cafe-au-lait-pudding/](/md/cafe-au-lait-pudding.md)
- [/by/winter/](/md/by/winter.md)
- [/cafe-cubano-cuban-coffee/](/md/cafe-cubano-cuban-coffee.md)
- [/cafe-fourb-crazy-coffee/](/md/cafe-fourb-crazy-coffee.md)
- [/caffeine-and-skin-cancer/](/md/caffeine-and-skin-cancer.md)
- [/caffeinated-classics-brave-new-world/](/md/caffeinated-classics-brave-new-world.md)
- [/caffeine-consumption-by-coffee-fanatics/](/md/caffeine-consumption-by-coffee-fanatics.md)
- [/cafes-and-roasters-weather-seasonal-extremes/](/md/cafes-and-roasters-weather-seasonal-extremes.md)
- [/cafezinho-coffee-brazilian-style/](/md/cafezinho-coffee-brazilian-style.md)
- [/caffeine-sensitivity-in-coffee/](/md/caffeine-sensitivity-in-coffee.md)
- [/caffeine-physical-and-psychological-effects/](/md/caffeine-physical-and-psychological-effects.md)
- [/caffeine-goddess/](/md/caffeine-goddess.md)
- [/can-the-philips-saeco-syntia-deliver-espresso-perfection/](/md/can-the-philips-saeco-syntia-deliver-espresso-perfection.md)
- [/camping-showdown-steeped-coffee-vs-bripe-coffee-pipe/](/md/camping-showdown-steeped-coffee-vs-bripe-coffee-pipe.md)
- [/calculating-the-cost-per-cup-of-tea/](/md/calculating-the-cost-per-cup-of-tea.md)
- [/can-pregnant-and-nursing-mothers-drink-coffee/](/md/can-pregnant-and-nursing-mothers-drink-coffee.md)
- [/can-you-brew-coffee-with-a-piece-of-aluminum-foil/](/md/can-you-brew-coffee-with-a-piece-of-aluminum-foil.md)
- [/candy-flowers-and-coffee/](/md/candy-flowers-and-coffee.md)
- [/chicken-john-coffee-achiever/](/md/chicken-john-coffee-achiever.md)
- [/celebrity-coffee-commercials/](/md/celebrity-coffee-commercials.md)
- [/chemex-coffee-brewing-tutorial-by-inanimate-objects/](/md/chemex-coffee-brewing-tutorial-by-inanimate-objects.md)
- [/chocolate-covered-espresso-almond-biscotti/](/md/chocolate-covered-espresso-almond-biscotti.md)
- [/ceramics-and-coffee-the-italian-way/](/md/ceramics-and-coffee-the-italian-way.md)
- [/cbtl-kaldi-single-cup-coffee-brewer-review/](/md/cbtl-kaldi-single-cup-coffee-brewer-review.md)
- [/chemex-coffee-brewing-history-and-tutorial/](/md/chemex-coffee-brewing-history-and-tutorial.md)
- [/chinese-coffee/](/md/chinese-coffee.md)
- [/chocolate-covered-espresso-beans/](/md/chocolate-covered-espresso-beans.md)
- [/chocolate-mocha-coffee-smoothie-recipe/](/md/chocolate-mocha-coffee-smoothie-recipe.md)
- [/chocolate-espresso-cookies-and-viennese-coffee/](/md/chocolate-espresso-cookies-and-viennese-coffee.md)
- [/clever-coffee-dripper-review/](/md/clever-coffee-dripper-review.md)
- [/choosing-my-coffee-maker/](/md/choosing-my-coffee-maker.md)
- [/choosing-the-right-coffee-grinder/](/md/choosing-the-right-coffee-grinder.md)
- [/cleaning-the-i-roast-2-coffee-roaster/](/md/cleaning-the-i-roast-2-coffee-roaster.md)
- [/cleaning-and-maintaining-your-bodum-santos-utopia-vac-pot/](/md/cleaning-and-maintaining-your-bodum-santos-utopia-vac-pot.md)
- [/clean-your-coffee-machine-its-worth-it/](/md/clean-your-coffee-machine-its-worth-it.md)
- [/climate-change-affecting-coffee/](/md/climate-change-affecting-coffee.md)
- [/cleaning-your-burr-grinder/](/md/cleaning-your-burr-grinder.md)
- [/clever-way-make-iced-coffee/](/md/clever-way-make-iced-coffee.md)
- [/coconut-milk-coffee-ice-cream-recipe/](/md/coconut-milk-coffee-ice-cream-recipe.md)
- [/coffee-and-barbecue/](/md/coffee-and-barbecue.md)
- [/coffee-and-brazil-how-coffee-molded-the-culture-of-a-country/](/md/coffee-and-brazil-how-coffee-molded-the-culture-of-a-country.md)
- [/coffee-and-dieting/](/md/coffee-and-dieting.md)
- [/coffee-and-tea-tasting-notes-for-beginners/](/md/coffee-and-tea-tasting-notes-for-beginners.md)
- [/coffee-at-night-campfire-brew/](/md/coffee-at-night-campfire-brew.md)
- [/coffee-art/](/md/coffee-art.md)
- [/coffee-and-fitness-friends-or-foes/](/md/coffee-and-fitness-friends-or-foes.md)
- [/coffee-blogging-inspiration-mike-crimmins-daily-shot-of-coffee/](/md/coffee-blogging-inspiration-mike-crimmins-daily-shot-of-coffee.md)
- [/coffee-blending-strategies/](/md/coffee-blending-strategies.md)
- [/coffee-blending-for-the-home-roaster/](/md/coffee-blending-for-the-home-roaster.md)
- [/coffee-brewing-guide/](/md/coffee-brewing-guide.md)
- [/coffee-and-the-decaffeination-process/](/md/coffee-and-the-decaffeination-process.md)
- [/coffee-and-your-health/](/md/coffee-and-your-health.md)
- [/coffee-beef-stew-recipe/](/md/coffee-beef-stew-recipe.md)
- [/coffee-can-help-you-land-a-job-get-a-date-and-win-a-race/](/md/coffee-can-help-you-land-a-job-get-a-date-and-win-a-race.md)
- [/coffee-candy-review/](/md/coffee-candy-review.md)
- [/coffee-canvas-making-art-coffee/](/md/coffee-canvas-making-art-coffee.md)
- [/coffee-cup-eraser-art-stamp-carving-relaxing-and-fun/](/md/coffee-cup-eraser-art-stamp-carving-relaxing-and-fun.md)
- [/coffee-comics-from-cafe-cartoon/](/md/coffee-comics-from-cafe-cartoon.md)
- [/coffee-chili-recipe-vegetarian/](/md/coffee-chili-recipe-vegetarian.md)
- [/coffee-cup-2-0/](/md/coffee-cup-2-0.md)
- [/coffee-cookies/](/md/coffee-cookies.md)
- [/coffee-cupping-a-basic-introduction/](/md/coffee-cupping-a-basic-introduction.md)
- [/coffee-cultures-eritrea-and-ethiopia/](/md/coffee-cultures-eritrea-and-ethiopia.md)
- [/coffee-cupping-a-sensory-experience/](/md/coffee-cupping-a-sensory-experience.md)
- [/coffee-custard-sauce-recipe/](/md/coffee-custard-sauce-recipe.md)
- [/coffee-dictionary/](/md/coffee-dictionary.md)
- [/coffee-drinkers-guide-coffee-candies/](/md/coffee-drinkers-guide-coffee-candies.md)
- [/coffee-enema-benefits-vs-dangers/](/md/coffee-enema-benefits-vs-dangers.md)
- [/coffee-gift-wrap-paper-and-bags/](/md/coffee-gift-wrap-paper-and-bags.md)
- [/coffee-fortune-telling-with-a-turkish-coffee-pot/](/md/coffee-fortune-telling-with-a-turkish-coffee-pot.md)
- [/coffee-grind-chart/](/md/coffee-grind-chart.md)
- [/coffee-for-the-cognoscenti/](/md/coffee-for-the-cognoscenti.md)
- [/coffee-granita/](/md/coffee-granita.md)
- [/coffee-from-thailand/](/md/coffee-from-thailand.md)
- [/coffee-haiku/](/md/coffee-haiku.md)
- [/coffee-granita-cream-recipe-and-the-history-of-torani-syrups/](/md/coffee-granita-cream-recipe-and-the-history-of-torani-syrups.md)
- [/coffee-enema/](/md/coffee-enema.md)
- [/coffee-gear-that-wont-break-the-bank/](/md/coffee-gear-that-wont-break-the-bank.md)
- [/coffee-health-myths-explained/](/md/coffee-health-myths-explained.md)
- [/coffee-history-primer/](/md/coffee-history-primer.md)
- [/coffee-is-loaded-with-antioxidants/](/md/coffee-is-loaded-with-antioxidants.md)
- [/coffee-muggers/](/md/coffee-muggers.md)
- [/coffee-in-israel/](/md/coffee-in-israel.md)
- [/coffee-house-stereotyping/](/md/coffee-house-stereotyping.md)
- [/coffee-meth-myth/](/md/coffee-meth-myth.md)
- [/coffee-jelly-delicious-caffeinated-protein/](/md/coffee-jelly-delicious-caffeinated-protein.md)
- [/coffee-internship-on-kona-farm/](/md/coffee-internship-on-kona-farm.md)
- [/coffee-mugs-of-coffee-fanatics-part-2/](/md/coffee-mugs-of-coffee-fanatics-part-2.md)
- [/coffee-noir/](/md/coffee-noir.md)
- [/coffee-on-the-weekend/](/md/coffee-on-the-weekend.md)
- [/coffee-pancakes/](/md/coffee-pancakes.md)
- [/coffee-mugs-of-coffee-fanatics/](/md/coffee-mugs-of-coffee-fanatics.md)
- [/coffee-poetry/](/md/coffee-poetry.md)
- [/coffee-price-economics/](/md/coffee-price-economics.md)
- [/coffee-tasseography-fortune-telling-with-coffee/](/md/coffee-tasseography-fortune-telling-with-coffee.md)
- [/coffee-process-from-plant-to-roast/](/md/coffee-process-from-plant-to-roast.md)
- [/coffee-roasting-popcorn-poppers/](/md/coffee-roasting-popcorn-poppers.md)
- [/coffee-spills-painting-with-coffee/](/md/coffee-spills-painting-with-coffee.md)
- [/coffee-roasts-notes-from-a-non-roaster/](/md/coffee-roasts-notes-from-a-non-roaster.md)
- [/coffee-shop-graphics/](/md/coffee-shop-graphics.md)
- [/coffee-roundtable-our-starbucks-idea/](/md/coffee-roundtable-our-starbucks-idea.md)
- [/coffee-storage/](/md/coffee-storage.md)
- [/coffee-wake-up/](/md/coffee-wake-up.md)
- [/cold-brew-coffee-is-not-rocket-science/](/md/cold-brew-coffee-is-not-rocket-science.md)
- [/cold-brew-coffee-with-the-toddy-coffee-maker/](/md/cold-brew-coffee-with-the-toddy-coffee-maker.md)
- [/cold-brew-coffee-cupcakes-with-mocha-buttercream-frosting-recipe/](/md/cold-brew-coffee-cupcakes-with-mocha-buttercream-frosting-recipe.md)
- [/cold-brew-dripper-tutorial/](/md/cold-brew-dripper-tutorial.md)
- [/corretto-home-roasting/](/md/corretto-home-roasting.md)
- [/cold-brewed-coffee-on-the-cheap/](/md/cold-brewed-coffee-on-the-cheap.md)
- [/cold-weather-coffee-roasting/](/md/cold-weather-coffee-roasting.md)
- [/cooling-your-coffee-beans/](/md/cooling-your-coffee-beans.md)
- [/colombian-coffee/](/md/colombian-coffee.md)
- [/cowboy-coffee-arbuckles/](/md/cowboy-coffee-arbuckles.md)
- [/cowboy-coffee-backpacker-style/](/md/cowboy-coffee-backpacker-style.md)
- [/costa-rica-coffee-history/](/md/costa-rica-coffee-history.md)
- [/creamy-chocolate-coffee-recipe/](/md/creamy-chocolate-coffee-recipe.md)
- [/cowboy-coffee-chew-and-major-league-coffee-dip-review/](/md/cowboy-coffee-chew-and-major-league-coffee-dip-review.md)
- [/creating-the-sketchtoon-coffee-calendar/](/md/creating-the-sketchtoon-coffee-calendar.md)
- [/death-by-chocolate-cappuccino/](/md/death-by-chocolate-cappuccino.md)
- [/decaf-coffee-methods/](/md/decaf-coffee-methods.md)
- [/dads-and-grads-a-coffee-gift-buying-guide/](/md/dads-and-grads-a-coffee-gift-buying-guide.md)
- [/cupping-the-elements-of-quality-coffee/](/md/cupping-the-elements-of-quality-coffee.md)
- [/cup-of-breakfast-coffee-comics-1/](/md/cup-of-breakfast-coffee-comics-1.md)
- [/decaffeinated-coffee-comics-2/](/md/decaffeinated-coffee-comics-2.md)
- [/dark-roast-vs-light-roast/](/md/dark-roast-vs-light-roast.md)
- [/decaffeinated-coffee-comics/](/md/decaffeinated-coffee-comics.md)
- [/daily-coffee-drinker-3-ways-to-green-your-routine/](/md/daily-coffee-drinker-3-ways-to-green-your-routine.md)
- [/decaffeinated-coffee-comics-3/](/md/decaffeinated-coffee-comics-3.md)
- [/designing-a-web-site-for-a-coffee-house/](/md/designing-a-web-site-for-a-coffee-house.md)
- [/different-coffeehouse-archetypes/](/md/different-coffeehouse-archetypes.md)
- [/e-z-coffee-cake/](/md/e-z-coffee-cake.md)
- [/double-bourbon-iced-coffee-recipe/](/md/double-bourbon-iced-coffee-recipe.md)
- [/double-shot-3-0-a-portable-french-press-with-secret-storage/](/md/double-shot-3-0-a-portable-french-press-with-secret-storage.md)
- [/easy-rum-ball-recipe-with-espresso/](/md/easy-rum-ball-recipe-with-espresso.md)
- [/does-coffee-raise-blood-pressure/](/md/does-coffee-raise-blood-pressure.md)
- [/duck-breasts-with-coffee-marinade-roasted-or-grilled/](/md/duck-breasts-with-coffee-marinade-roasted-or-grilled.md)
- [/dont-hate-me-because-im-decaffeinated/](/md/dont-hate-me-because-im-decaffeinated.md)
- [/easy-guide-making-cold-brew-coffee/](/md/easy-guide-making-cold-brew-coffee.md)
- [/economic-benefits-of-home-roasting/](/md/economic-benefits-of-home-roasting.md)
- [/eiskaffee/](/md/eiskaffee.md)
- [/espresso-as-a-lottery-ticket/](/md/espresso-as-a-lottery-ticket.md)
- [/espresso-blending-techniques/](/md/espresso-blending-techniques.md)
- [/eva-solo-coffee-brewing-tutorial/](/md/eva-solo-coffee-brewing-tutorial.md)
- [/everything-you-wanted-to-know-about-coffee-from-hawaii/](/md/everything-you-wanted-to-know-about-coffee-from-hawaii.md)
- [/espresso-tamping/](/md/espresso-tamping.md)
- [/espresso-carrot-cake-recipe/](/md/espresso-carrot-cake-recipe.md)
- [/espresso-pumpkin-pie/](/md/espresso-pumpkin-pie.md)
- [/essential-coffee-gear/](/md/essential-coffee-gear.md)
- [/exploring-the-best-coffee-roasters-in-america/](/md/exploring-the-best-coffee-roasters-in-america.md)
- [/espresso-drinks-for-summer/](/md/espresso-drinks-for-summer.md)
- [/ethiopian-coffee/](/md/ethiopian-coffee.md)
- [/espresso-machine-terminology-clarity-for-the-caffeinated-connoisseur/](/md/espresso-machine-terminology-clarity-for-the-caffeinated-connoisseur.md)
- [/extending-the-life-of-your-bodum-cordless-electric-kettle/](/md/extending-the-life-of-your-bodum-cordless-electric-kettle.md)
- [/fair-trade-coffee-klatching/](/md/fair-trade-coffee-klatching.md)
- [/fair-trade-for-who/](/md/fair-trade-for-who.md)
- [/famous-coffee-quotations/](/md/famous-coffee-quotations.md)
- [/fearing-starbucks-via-instant-coffee-and-my-solution/](/md/fearing-starbucks-via-instant-coffee-and-my-solution.md)
- [/four-signs-youre-in-a-real-espresso-bar/](/md/four-signs-youre-in-a-real-espresso-bar.md)
- [/frank-zappa-coffee-achiever/](/md/frank-zappa-coffee-achiever.md)
- [/general-guide-to-buying-coffee/](/md/general-guide-to-buying-coffee.md)
- [/gator-coffee-kettle-carafe-review/](/md/gator-coffee-kettle-carafe-review.md)
- [/franz-kafka-coffee-achiever/](/md/franz-kafka-coffee-achiever.md)
- [/french-press-review-small-farms-collective/](/md/french-press-review-small-farms-collective.md)
- [/fundamentals-of-coffee-business-success/](/md/fundamentals-of-coffee-business-success.md)
- [/good-to-the-last-drip-part-1/](/md/good-to-the-last-drip-part-1.md)
- [/genetic-testing-for-the-health-conscious-coffee-drinker/](/md/genetic-testing-for-the-health-conscious-coffee-drinker.md)
- [/good-to-the-last-drip-part-2/](/md/good-to-the-last-drip-part-2.md)
- [/guide-coffee-mail-order-subscriptions/](/md/guide-coffee-mail-order-subscriptions.md)
- [/ground-rules-for-grinding-coffee/](/md/ground-rules-for-grinding-coffee.md)
- [/hacking-dark-roast-tips-on-brewing-a-better-bold-coffee/](/md/hacking-dark-roast-tips-on-brewing-a-better-bold-coffee.md)
- [/hacking-decaf-the-swiss-water-story/](/md/hacking-decaf-the-swiss-water-story.md)
- [/gourmet-coffee-roaster/](/md/gourmet-coffee-roaster.md)
- [/grind-your-own-coffee-beans/](/md/grind-your-own-coffee-beans.md)
- [/greek-frappe-recipe/](/md/greek-frappe-recipe.md)
- [/goodbye-to-the-morning-coffee-and-newspaper-ritual/](/md/goodbye-to-the-morning-coffee-and-newspaper-ritual.md)
- [/grinding-down-the-competition/](/md/grinding-down-the-competition.md)
- [/hacking-the-starbucks-barista-grinder/](/md/hacking-the-starbucks-barista-grinder.md)
- [/hawaiian-coffee/](/md/hawaiian-coffee.md)
- [/heavenly-coffee-poem/](/md/heavenly-coffee-poem.md)
- [/henry-david-thoreau-anti-coffee-achiever/](/md/henry-david-thoreau-anti-coffee-achiever.md)
- [/home-coffee-roasting-on-the-rise/](/md/home-coffee-roasting-on-the-rise.md)
- [/home-alone-roasting/](/md/home-alone-roasting.md)
- [/home-roasting-coffee-in-an-oven/](/md/home-roasting-coffee-in-an-oven.md)
- [/home-roasting-oolong-tea/](/md/home-roasting-oolong-tea.md)
- [/home-roasting-getting-started/](/md/home-roasting-getting-started.md)
- [/home-roasting-coffee-with-the-fresh-roast/](/md/home-roasting-coffee-with-the-fresh-roast.md)
- [/home-roasting-with-the-hearthware-precision/](/md/home-roasting-with-the-hearthware-precision.md)
- [/homemade-coffee-ice-cream-recipe/](/md/homemade-coffee-ice-cream-recipe.md)
- [/hosting-a-coffee-party/](/md/hosting-a-coffee-party.md)
- [/homebrewing-espresso-stout/](/md/homebrewing-espresso-stout.md)
- [/hottop-coffee-roaster/](/md/hottop-coffee-roaster.md)
- [/hottop-kn-8828p-coffee-bean-roaster-first-look/](/md/hottop-kn-8828p-coffee-bean-roaster-first-look.md)
- [/how-dark-is-your-arabic-coffee/](/md/how-dark-is-your-arabic-coffee.md)
- [/housing-and-the-coffee-shop-economic-indicator/](/md/housing-and-the-coffee-shop-economic-indicator.md)
- [/how-coffee-can-help-you-attain-fitness-and-weight-loss/](/md/how-coffee-can-help-you-attain-fitness-and-weight-loss.md)
- [/how-to-brew-fine-drip-coffee-over-with-a-stainless-steel-filter/](/md/how-to-brew-fine-drip-coffee-over-with-a-stainless-steel-filter.md)
- [/how-did-elvis-like-his-coffee/](/md/how-did-elvis-like-his-coffee.md)
- [/how-caffeine-affects-kids-global-coffee-culture-influences/](/md/how-caffeine-affects-kids-global-coffee-culture-influences.md)
- [/how-to-brew-coffee-with-fresh-chicory-root/](/md/how-to-brew-coffee-with-fresh-chicory-root.md)
- [/how-to-make-chocolate-covered-coffee-beans/](/md/how-to-make-chocolate-covered-coffee-beans.md)
- [/how-to-make-coffee-using-a-thermos-flask/](/md/how-to-make-coffee-using-a-thermos-flask.md)
- [/how-to-make-coffee-cookies-in-the-shape-of-coffee-beans/](/md/how-to-make-coffee-cookies-in-the-shape-of-coffee-beans.md)
- [/how-hard-is-a-hario-pour-over/](/md/how-hard-is-a-hario-pour-over.md)
- [/how-to-make-iced-coffee-with-the-gabi-drip-master/](/md/how-to-make-iced-coffee-with-the-gabi-drip-master.md)
- [/how-to-make-v60-coffee/](/md/how-to-make-v60-coffee.md)
- [/how-to-make-pour-over-coffee-using-a-cloth/](/md/how-to-make-pour-over-coffee-using-a-cloth.md)
- [/i-roast-2-coffee-roasting-guide/](/md/i-roast-2-coffee-roasting-guide.md)
- [/how-to-store-coffee-beans-tips-and-recommendations/](/md/how-to-store-coffee-beans-tips-and-recommendations.md)
- [/how-to-stereotype-roasters/](/md/how-to-stereotype-roasters.md)
- [/how-you-brewin/](/md/how-you-brewin.md)
- [/i-love-coffee/](/md/i-love-coffee.md)
- [/iced-mint-mocha-recipe/](/md/iced-mint-mocha-recipe.md)
- [/iced-coffee-tea/](/md/iced-coffee-tea.md)
- [/improving-specialty-coffee/](/md/improving-specialty-coffee.md)
- [/ian-wins-a-russell-hobbs-espresso-machine/](/md/ian-wins-a-russell-hobbs-espresso-machine.md)
- [/inanimate-objects-comics-1/](/md/inanimate-objects-comics-1.md)
- [/inanimate-objects-comics-2/](/md/inanimate-objects-comics-2.md)
- [/inanimate-objects-comics-6/](/md/inanimate-objects-comics-6.md)
- [/inanimate-objects-comics-5/](/md/inanimate-objects-comics-5.md)
- [/inanimate-objects-comics-9/](/md/inanimate-objects-comics-9.md)
- [/inanimate-objects-comics-10/](/md/inanimate-objects-comics-10.md)
- [/inanimate-objects-comics-3/](/md/inanimate-objects-comics-3.md)
- [/inanimate-objects-comics-4/](/md/inanimate-objects-comics-4.md)
- [/inanimate-objects-comics-12/](/md/inanimate-objects-comics-12.md)
- [/inanimate-objects-comics-8/](/md/inanimate-objects-comics-8.md)
- [/inanimate-objects-comics-7/](/md/inanimate-objects-comics-7.md)
- [/inanimate-objects-comics-13/](/md/inanimate-objects-comics-13.md)
- [/inanimate-objects-comics-11/](/md/inanimate-objects-comics-11.md)
- [/inanimate-objects-comics-14/](/md/inanimate-objects-comics-14.md)
- [/inanimate-objects-comics-15/](/md/inanimate-objects-comics-15.md)
- [/inanimate-objects-comics-16/](/md/inanimate-objects-comics-16.md)
- [/inanimate-objects-comics-17/](/md/inanimate-objects-comics-17.md)
- [/inanimate-objects-comics-18/](/md/inanimate-objects-comics-18.md)
- [/inanimate-objects-comics-20/](/md/inanimate-objects-comics-20.md)
- [/inanimate-objects-comics-19/](/md/inanimate-objects-comics-19.md)
- [/inanimate-objects-comics-21/](/md/inanimate-objects-comics-21.md)
- [/inanimate-objects-comics-24/](/md/inanimate-objects-comics-24.md)
- [/inanimate-objects-comics-22/](/md/inanimate-objects-comics-22.md)
- [/inanimate-objects-comics-25/](/md/inanimate-objects-comics-25.md)
- [/inanimate-objects-comics-23/](/md/inanimate-objects-comics-23.md)
- [/inanimate-objects-comics-26/](/md/inanimate-objects-comics-26.md)
- [/inanimate-objects-comics-27/](/md/inanimate-objects-comics-27.md)
- [/inanimate-objects-comics-28/](/md/inanimate-objects-comics-28.md)
- [/inanimate-objects-comics-29/](/md/inanimate-objects-comics-29.md)
- [/inanimate-objects-comics-33/](/md/inanimate-objects-comics-33.md)
- [/inanimate-objects-comics-30/](/md/inanimate-objects-comics-30.md)
- [/inanimate-objects-comics-31/](/md/inanimate-objects-comics-31.md)
- [/inanimate-objects-comics-37/](/md/inanimate-objects-comics-37.md)
- [/inanimate-objects-comics-34/](/md/inanimate-objects-comics-34.md)
- [/inanimate-objects-comics-32/](/md/inanimate-objects-comics-32.md)
- [/inanimate-objects-comics-36/](/md/inanimate-objects-comics-36.md)
- [/inanimate-objects-comics-38/](/md/inanimate-objects-comics-38.md)
- [/inanimate-objects-comics-35/](/md/inanimate-objects-comics-35.md)
- [/inanimate-objects-comics-39/](/md/inanimate-objects-comics-39.md)
- [/inanimate-objects-comics-40/](/md/inanimate-objects-comics-40.md)
- [/inanimate-objects-comics-45/](/md/inanimate-objects-comics-45.md)
- [/inanimate-objects-comics-42/](/md/inanimate-objects-comics-42.md)
- [/inanimate-objects-comics-43/](/md/inanimate-objects-comics-43.md)
- [/inanimate-objects-comics-44/](/md/inanimate-objects-comics-44.md)
- [/inanimate-objects-comics-41/](/md/inanimate-objects-comics-41.md)
- [/inanimate-objects-comics-48/](/md/inanimate-objects-comics-48.md)
- [/inanimate-objects-comics-46/](/md/inanimate-objects-comics-46.md)
- [/inanimate-objects-comics-49/](/md/inanimate-objects-comics-49.md)
- [/inanimate-objects-comics-47/](/md/inanimate-objects-comics-47.md)
- [/inanimate-objects-comics-51/](/md/inanimate-objects-comics-51.md)
- [/inanimate-objects-comics-50/](/md/inanimate-objects-comics-50.md)
- [/inanimate-objects-comics-52/](/md/inanimate-objects-comics-52.md)
- [/inanimate-objects-comics-55/](/md/inanimate-objects-comics-55.md)
- [/inanimate-objects-comics-54/](/md/inanimate-objects-comics-54.md)
- [/inanimate-objects-comics-53/](/md/inanimate-objects-comics-53.md)
- [/inanimate-objects-comics-57/](/md/inanimate-objects-comics-57.md)
- [/inanimate-objects-comics-56/](/md/inanimate-objects-comics-56.md)
- [/inanimate-objects-comics-58/](/md/inanimate-objects-comics-58.md)
- [/inanimate-objects-comics-59/](/md/inanimate-objects-comics-59.md)
- [/inanimate-objects-comics-60/](/md/inanimate-objects-comics-60.md)
- [/inanimate-objects-comics-61/](/md/inanimate-objects-comics-61.md)
- [/inanimate-objects-comics-63/](/md/inanimate-objects-comics-63.md)
- [/inanimate-objects-comics-62/](/md/inanimate-objects-comics-62.md)
- [/inanimate-objects-comics-64/](/md/inanimate-objects-comics-64.md)
- [/inanimate-objects-comics-65/](/md/inanimate-objects-comics-65.md)
- [/inanimate-objects-comics-66/](/md/inanimate-objects-comics-66.md)
- [/inanimate-objects-comics-67/](/md/inanimate-objects-comics-67.md)
- [/inanimate-objects-comics-69/](/md/inanimate-objects-comics-69.md)
- [/inanimate-objects-comics-70/](/md/inanimate-objects-comics-70.md)
- [/inanimate-objects-comics-68/](/md/inanimate-objects-comics-68.md)
- [/inanimate-objects-comics-71/](/md/inanimate-objects-comics-71.md)
- [/infant-coffee-6-tips-for-coffee-drinking-parents/](/md/infant-coffee-6-tips-for-coffee-drinking-parents.md)
- [/ineedcappuccinowhereveriam/](/md/ineedcappuccinowhereveriam.md)
- [/infrared-roasting/](/md/infrared-roasting.md)
- [/intelligentsia-iphone-app-review/](/md/intelligentsia-iphone-app-review.md)
- [/interesting-facts-about-kombucha-you-may-not-know-yet/](/md/interesting-facts-about-kombucha-you-may-not-know-yet.md)
- [/is-it-really-coffee/](/md/is-it-really-coffee.md)
- [/is-the-icoffee-brewer-better-than-french-press/](/md/is-the-icoffee-brewer-better-than-french-press.md)
- [/it-works/](/md/it-works.md)
- [/its-all-about-taste/](/md/its-all-about-taste.md)
- [/javatrekking-global-coffee-connections/](/md/javatrekking-global-coffee-connections.md)
- [/javas-first-time-alone/](/md/javas-first-time-alone.md)
- [/keeping-your-french-press-clean/](/md/keeping-your-french-press-clean.md)
- [/keep-your-coffee-equipment-clean/](/md/keep-your-coffee-equipment-clean.md)
- [/kona-coffee-confusion/](/md/kona-coffee-confusion.md)
- [/kruve-coffee-sifter-review/](/md/kruve-coffee-sifter-review.md)
- [/kyoto-style-slow-drip-coffee/](/md/kyoto-style-slow-drip-coffee.md)
- [/kalita-wave-coffee-brewing-tutorial/](/md/kalita-wave-coffee-brewing-tutorial.md)
- [/latte-art-barista-interview-and-tips/](/md/latte-art-barista-interview-and-tips.md)
- [/latte-art-etching-photo-gallery/](/md/latte-art-etching-photo-gallery.md)
- [/latte-lingo/](/md/latte-lingo.md)
- [/life-coffee-comics-5/](/md/life-coffee-comics-5.md)
- [/latte-art-gallery/](/md/latte-art-gallery.md)
- [/life-coffee-comics-1/](/md/life-coffee-comics-1.md)
- [/life-coffee-comics-3/](/md/life-coffee-comics-3.md)
- [/life-coffee-comics-6/](/md/life-coffee-comics-6.md)
- [/life-coffee-comics-8/](/md/life-coffee-comics-8.md)
- [/life-coffee-comics-9/](/md/life-coffee-comics-9.md)
- [/life-coffee-comics-7/](/md/life-coffee-comics-7.md)
- [/life-coffee-comics-10/](/md/life-coffee-comics-10.md)
- [/life-coffee-comics-12/](/md/life-coffee-comics-12.md)
- [/life-coffee-comics-11/](/md/life-coffee-comics-11.md)
- [/life-coffee-comics-17/](/md/life-coffee-comics-17.md)
- [/life-coffee-comics-14/](/md/life-coffee-comics-14.md)
- [/life-coffee-comics-13/](/md/life-coffee-comics-13.md)
- [/life-coffee-comics-15/](/md/life-coffee-comics-15.md)
- [/life-coffee-comics-20/](/md/life-coffee-comics-20.md)
- [/life-coffee-comics-19/](/md/life-coffee-comics-19.md)
- [/life-is-coffee-comics-2/](/md/life-is-coffee-comics-2.md)
- [/life-is-coffee-comics-21/](/md/life-is-coffee-comics-21.md)
- [/life-coffee-comics-18/](/md/life-coffee-comics-18.md)
- [/life-is-coffee-comics-4/](/md/life-is-coffee-comics-4.md)
- [/life-coffee-comics-16/](/md/life-coffee-comics-16.md)
- [/life-is-coffee-comics-22/](/md/life-is-coffee-comics-22.md)
- [/life-is-coffee-comics-23/](/md/life-is-coffee-comics-23.md)
- [/life-is-coffee-comics-24/](/md/life-is-coffee-comics-24.md)
- [/life-is-coffee-comics-25/](/md/life-is-coffee-comics-25.md)
- [/life-is-coffee-comics-26/](/md/life-is-coffee-comics-26.md)
- [/life-is-coffee-comics-27/](/md/life-is-coffee-comics-27.md)
- [/life-is-coffee-comics-28/](/md/life-is-coffee-comics-28.md)
- [/life-is-coffee-comics-29/](/md/life-is-coffee-comics-29.md)
- [/life-is-coffee-comics-30/](/md/life-is-coffee-comics-30.md)
- [/life-is-coffee-comics-31/](/md/life-is-coffee-comics-31.md)
- [/life-is-coffee-comics-32/](/md/life-is-coffee-comics-32.md)
- [/life-is-coffee-comics-33/](/md/life-is-coffee-comics-33.md)
- [/life-is-coffee-comics-34/](/md/life-is-coffee-comics-34.md)
- [/life-is-coffee-comics-35/](/md/life-is-coffee-comics-35.md)
- [/life-is-coffee-comics-43/](/md/life-is-coffee-comics-43.md)
- [/life-is-coffee-comics-40/](/md/life-is-coffee-comics-40.md)
- [/life-is-coffee-comics-38/](/md/life-is-coffee-comics-38.md)
- [/life-is-coffee-comics-39/](/md/life-is-coffee-comics-39.md)
- [/life-is-coffee-comics-37/](/md/life-is-coffee-comics-37.md)
- [/life-is-coffee-comics-36/](/md/life-is-coffee-comics-36.md)
- [/life-is-coffee-comics-42/](/md/life-is-coffee-comics-42.md)
- [/life-is-coffee-comics-41/](/md/life-is-coffee-comics-41.md)
- [/life-is-coffee-comics-46/](/md/life-is-coffee-comics-46.md)
- [/life-is-coffee-comics-45/](/md/life-is-coffee-comics-45.md)
- [/life-is-coffee-comics-44/](/md/life-is-coffee-comics-44.md)
- [/life-is-coffee-comics-47/](/md/life-is-coffee-comics-47.md)
- [/lolas-cinnamon-syrup-iced-coffee/](/md/lolas-cinnamon-syrup-iced-coffee.md)
- [/living-for-the-mornings/](/md/living-for-the-mornings.md)
- [/lifstyl-milk-frother-review/](/md/lifstyl-milk-frother-review.md)
- [/lone-wolf-cofy-comic/](/md/lone-wolf-cofy-comic.md)
- [/lolas-iced-chocolate-espresso/](/md/lolas-iced-chocolate-espresso.md)
- [/make-cascara-tea-french-press/](/md/make-cascara-tea-french-press.md)
- [/make-iced-coffee-chemex/](/md/make-iced-coffee-chemex.md)
- [/make-concentrated-cold-brew-coffee-with-the-penguin-coffee/](/md/make-concentrated-cold-brew-coffee-with-the-penguin-coffee.md)
- [/make-cold-brew-coffee-home/](/md/make-cold-brew-coffee-home.md)
- [/make-pour-coffee-gabi-drip-master/](/md/make-pour-coffee-gabi-drip-master.md)
- [/make-cold-brew-coffee-quickly-gourmia-automatic-cold-brewer/](/md/make-cold-brew-coffee-quickly-gourmia-automatic-cold-brewer.md)
- [/make-your-own-coffee-pods/](/md/make-your-own-coffee-pods.md)
- [/make-your-own-frappuccinos-at-home-and-save-money/](/md/make-your-own-frappuccinos-at-home-and-save-money.md)
- [/making-a-delicious-cup-of-coffee/](/md/making-a-delicious-cup-of-coffee.md)
- [/make-your-own-genmaicha-tea/](/md/make-your-own-genmaicha-tea.md)
- [/making-coffee-soap/](/md/making-coffee-soap.md)
- [/making-cold-brew-coffee-french-press/](/md/making-cold-brew-coffee-french-press.md)
- [/making-coffee-with-the-cowboy-joe-coffee-brewer/](/md/making-coffee-with-the-cowboy-joe-coffee-brewer.md)
- [/making-bulletproof-coffee/](/md/making-bulletproof-coffee.md)
- [/making-cold-brew-coffee-with-the-primula-coffee-maker/](/md/making-cold-brew-coffee-with-the-primula-coffee-maker.md)
- [/making-green-bean-extract-beverages-at-home/](/md/making-green-bean-extract-beverages-at-home.md)
- [/making-eggspresso/](/md/making-eggspresso.md)
- [/making-lampshades-and-flowers-with-used-coffee-filters/](/md/making-lampshades-and-flowers-with-used-coffee-filters.md)
- [/making-lattes-without-espresso-machine/](/md/making-lattes-without-espresso-machine.md)
- [/making-pour-over-coffee/](/md/making-pour-over-coffee.md)
- [/making-sure-the-seal-means-the-real-deal/](/md/making-sure-the-seal-means-the-real-deal.md)
- [/manual-coffee-grinder-comparison-thirst-friend-ritual-and-bold-bean-architects/](/md/manual-coffee-grinder-comparison-thirst-friend-ritual-and-bold-bean-architects.md)
- [/many-faces-coffee/](/md/many-faces-coffee.md)
- [/mcdonalds-should-buy-starbucks/](/md/mcdonalds-should-buy-starbucks.md)
- [/meaning-of-decaffeinated/](/md/meaning-of-decaffeinated.md)
- [/meet-the-coffee-robot/](/md/meet-the-coffee-robot.md)
- [/meet-the-roaster-interview-with-jesse-nelson-of-conduit-coffee/](/md/meet-the-roaster-interview-with-jesse-nelson-of-conduit-coffee.md)
- [/meeting-the-roaster-arne-holt-of-caffe-calabria/](/md/meeting-the-roaster-arne-holt-of-caffe-calabria.md)
- [/meeting-up-with-the-green-coffee-buying-club/](/md/meeting-up-with-the-green-coffee-buying-club.md)
- [/melitta-mishap/](/md/melitta-mishap.md)
- [/mexican-coffee-with-white-tequila/](/md/mexican-coffee-with-white-tequila.md)
- [/mike-griffin-knows-his-beans/](/md/mike-griffin-knows-his-beans.md)
- [/mike-rohde-coffee-achiever/](/md/mike-rohde-coffee-achiever.md)
- [/military-orders-more-caffeine-for-everyone-starting-in-1832/](/md/military-orders-more-caffeine-for-everyone-starting-in-1832.md)
- [/minos-moka-pot-espresso-maker-review-tutorial/](/md/minos-moka-pot-espresso-maker-review-tutorial.md)
- [/mission-java/](/md/mission-java.md)
- [/mocha-chip-cookie/](/md/mocha-chip-cookie.md)
- [/moka-pot-coffee-dispenser-review/](/md/moka-pot-coffee-dispenser-review.md)
- [/monsooned-coffee/](/md/monsooned-coffee.md)
- [/my-name-is-java/](/md/my-name-is-java.md)
- [/my-coffee-tis-of-thee/](/md/my-coffee-tis-of-thee.md)
- [/moka-pot-stove/](/md/moka-pot-stove.md)
- [/my-worst-cup-of-coffee-was-my-first-cup-of-coffee/](/md/my-worst-cup-of-coffee-was-my-first-cup-of-coffee.md)
- [/my-cat-kato-vs-the-kona-coffee-plant/](/md/my-cat-kato-vs-the-kona-coffee-plant.md)
- [/nanopresso-portable-espresso-maker-tutorial/](/md/nanopresso-portable-espresso-maker-tutorial.md)
- [/new-marketing-opportunities-for-the-tea-industry/](/md/new-marketing-opportunities-for-the-tea-industry.md)
- [/next-generation-instant-coffee-reviews/](/md/next-generation-instant-coffee-reviews.md)
- [/naturally-flavored-coffee/](/md/naturally-flavored-coffee.md)
- [/one-thousand-and-one-words-about-turkish-coffee/](/md/one-thousand-and-one-words-about-turkish-coffee.md)
- [/popper-roasting-tips/](/md/popper-roasting-tips.md)
- [/no-coffee-or-tea-for-at-least-2-weeks/](/md/no-coffee-or-tea-for-at-least-2-weeks.md)
- [/organic-coffee-your-cup-o-joe/](/md/organic-coffee-your-cup-o-joe.md)
- [/picking-your-top-10-coffee-accessories/](/md/picking-your-top-10-coffee-accessories.md)
- [/pan-roasting-coffee/](/md/pan-roasting-coffee.md)
- [/poplite-coffee-roaster/](/md/poplite-coffee-roaster.md)
- [/poppery-hopper-modification/](/md/poppery-hopper-modification.md)
- [/panama-esmeralda-the-ultimate-push-gift/](/md/panama-esmeralda-the-ultimate-push-gift.md)
- [/perfect-iced-coffee-2-minutes-coldwave-beverage-chiller/](/md/perfect-iced-coffee-2-minutes-coldwave-beverage-chiller.md)
- [/press-pot-tutorial/](/md/press-pot-tutorial.md)
- [/pour-over-coffee-using-the-nee-coffee-dripper/](/md/pour-over-coffee-using-the-nee-coffee-dripper.md)
- [/pour-coffee-tutorial/](/md/pour-coffee-tutorial.md)
- [/pre-surgery-caffeine-detox/](/md/pre-surgery-caffeine-detox.md)
- [/prismo-filter-upgrade-for-aeropress-review-and-tips/](/md/prismo-filter-upgrade-for-aeropress-review-and-tips.md)
- [/primer-on-shade-grown-coffee/](/md/primer-on-shade-grown-coffee.md)
- [/preventing-the-flu-by-gargling-tea/](/md/preventing-the-flu-by-gargling-tea.md)
- [/pressing-questions-with-nick-cho/](/md/pressing-questions-with-nick-cho.md)
- [/preparing-a-traditional-turkish-coffee/](/md/preparing-a-traditional-turkish-coffee.md)
- [/pulling-the-perfect-shot-of-espresso/](/md/pulling-the-perfect-shot-of-espresso.md)
- [/rancilio-silvia-espresso-machine-tips/](/md/rancilio-silvia-espresso-machine-tips.md)
- [/problem-blonde-roasts/](/md/problem-blonde-roasts.md)
- [/red-espresso-is-espresso-style-rooibos/](/md/red-espresso-is-espresso-style-rooibos.md)
- [/ready-to-drink-rtd-espresso-and-iced-coffee/](/md/ready-to-drink-rtd-espresso-and-iced-coffee.md)
- [/revitalize-old-rubber-vac-pot-gaskets/](/md/revitalize-old-rubber-vac-pot-gaskets.md)
- [/ristretto-rant/](/md/ristretto-rant.md)
- [/responding-to-the-enemies-of-coffee/](/md/responding-to-the-enemies-of-coffee.md)
- [/roast-in-parchment-rip-coffee/](/md/roast-in-parchment-rip-coffee.md)
- [/roast-your-own-coffee/](/md/roast-your-own-coffee.md)
- [/roast-your-own-beans/](/md/roast-your-own-beans.md)
- [/roast-your-own-e-book/](/md/roast-your-own-e-book.md)
- [/roasting-coffee-home-nesco-coffee-bean-roaster/](/md/roasting-coffee-home-nesco-coffee-bean-roaster.md)
- [/roasting-coffee-at-home-has-never-been-easier/](/md/roasting-coffee-at-home-has-never-been-easier.md)
- [/roasting-brewing-toddy-cat-coffee/](/md/roasting-brewing-toddy-cat-coffee.md)
- [/roasting-coffee-conduit-coffee-roasters-seattle/](/md/roasting-coffee-conduit-coffee-roasters-seattle.md)
- [/russell-hobbs-high-speed-coffee-grinder/](/md/russell-hobbs-high-speed-coffee-grinder.md)
- [/roasting-coffee-in-a-popcorn-popper/](/md/roasting-coffee-in-a-popcorn-popper.md)
- [/roasting-coffee-in-a-frying-pan/](/md/roasting-coffee-in-a-frying-pan.md)
- [/roasting-coffee-with-a-heat-gun-a-top-down-approach/](/md/roasting-coffee-with-a-heat-gun-a-top-down-approach.md)
- [/roasting-coffee-to-the-rate-of-rise-kick/](/md/roasting-coffee-to-the-rate-of-rise-kick.md)
- [/scotch-coffee/](/md/scotch-coffee.md)
- [/roasting-with-a-variac-controlled-freshroast-plus/](/md/roasting-with-a-variac-controlled-freshroast-plus.md)
- [/rookie-roast-confessions-of-a-first-time-home-roaster/](/md/rookie-roast-confessions-of-a-first-time-home-roaster.md)
- [/roasting-routine/](/md/roasting-routine.md)
- [/sacrifices-for-the-cup-coffee-statistics/](/md/sacrifices-for-the-cup-coffee-statistics.md)
- [/saul-bellow-coffee-achiever/](/md/saul-bellow-coffee-achiever.md)
- [/searching-for-the-perfect-cup/](/md/searching-for-the-perfect-cup.md)
- [/section/](/md/section.md)
- [/section/coffee-recipes/](/md/section/coffee-recipes.md)
- [/section/coffee-health/](/md/section/coffee-health.md)
- [/section/coffee-history/](/md/section/coffee-history.md)
- [/section/coffee-people/](/md/section/coffee-people.md)
- [/section/coffee-business/](/md/section/coffee-business.md)
- [/section/cafe-culture/](/md/section/cafe-culture.md)
- [/section/espresso/](/md/section/espresso.md)
- [/section/grinding-coffee/](/md/section/grinding-coffee.md)
- [/section/coffee-comics/](/md/section/coffee-comics.md)
- [/section/brewing-coffee/](/md/section/brewing-coffee.md)
- [/section/roasting-coffee/](/md/section/roasting-coffee.md)
- [/section/tea/](/md/section/tea.md)
- [/senseo-coffee-brewing/](/md/senseo-coffee-brewing.md)
- [/seeing-the-world-one-starbucks-at-a-time/](/md/seeing-the-world-one-starbucks-at-a-time.md)
- [/senseo-coffee-brewing-revisited/](/md/senseo-coffee-brewing-revisited.md)
- [/sex-and-coffee/](/md/sex-and-coffee.md)
- [/sherwood-smf-1000-automatic-electric-milk-frother-warmer-review/](/md/sherwood-smf-1000-automatic-electric-milk-frother-warmer-review.md)
- [/simplified-cold-brewing-method/](/md/simplified-cold-brewing-method.md)
- [/simple-bbq-coffee-rub-for-steaks-pork-and-more/](/md/simple-bbq-coffee-rub-for-steaks-pork-and-more.md)
- [/sili-dripper-silicone-collapsible-coffee-drip-brewer-review/](/md/sili-dripper-silicone-collapsible-coffee-drip-brewer-review.md)
- [/six-tips-for-overcoming-coffee-addiction/](/md/six-tips-for-overcoming-coffee-addiction.md)
- [/so-you-love-coffee-right/](/md/so-you-love-coffee-right.md)
- [/shopping-for-the-coffee-fan/](/md/shopping-for-the-coffee-fan.md)
- [/stagg-pour-coffee-dripper-review-tutorial/](/md/stagg-pour-coffee-dripper-review-tutorial.md)
- [/stovetop-espresso-brewing-tutorial/](/md/stovetop-espresso-brewing-tutorial.md)
- [/soy-good-for-decaf/](/md/soy-good-for-decaf.md)
- [/spanish-coffee/](/md/spanish-coffee.md)
- [/spicing-it-up/](/md/spicing-it-up.md)
- [/starbucking-honest-artistry/](/md/starbucking-honest-artistry.md)
- [/starbucks-coffee-college/](/md/starbucks-coffee-college.md)
- [/starbucks-world/](/md/starbucks-world.md)
- [/starting-your-own-coffee-franchise/](/md/starting-your-own-coffee-franchise.md)
- [/step-step-bonavita-immersion-coffee-dripper-tutorial/](/md/step-step-bonavita-immersion-coffee-dripper-tutorial.md)
- [/stovetop-roasting-with-the-whirley-pop/](/md/stovetop-roasting-with-the-whirley-pop.md)
- [/table-top-press-pot-review/](/md/table-top-press-pot-review.md)
- [/teach-a-fish-to-make-espresso/](/md/teach-a-fish-to-make-espresso.md)
- [/terry-francona-coffee-achiever/](/md/terry-francona-coffee-achiever.md)
- [/the-art-of-coffee-tasting/](/md/the-art-of-coffee-tasting.md)
- [/testing-the-hearthware-i-roast-2/](/md/testing-the-hearthware-i-roast-2.md)
- [/the-brazen-brewer-by-behmor/](/md/the-brazen-brewer-by-behmor.md)
- [/thai-won-on-thai-iced-coffee/](/md/thai-won-on-thai-iced-coffee.md)
- [/the-2-best-cups-of-coffee-ive-ever-had/](/md/the-2-best-cups-of-coffee-ive-ever-had.md)
- [/the-best-trends-in-specialty-coffee-2018/](/md/the-best-trends-in-specialty-coffee-2018.md)
- [/the-coffee-art-corporation/](/md/the-coffee-art-corporation.md)
- [/the-best-irish-coffee-in-the-world/](/md/the-best-irish-coffee-in-the-world.md)
- [/the-balancing-syphon-coffee-brewer/](/md/the-balancing-syphon-coffee-brewer.md)
- [/the-caffeine/](/md/the-caffeine.md)
- [/the-clever-coffee-dripper/](/md/the-clever-coffee-dripper.md)
- [/the-coffee-avocado-shake/](/md/the-coffee-avocado-shake.md)
- [/the-coffee-lovers-diet-10-ideas-from-the-book/](/md/the-coffee-lovers-diet-10-ideas-from-the-book.md)
- [/the-coffee-martini/](/md/the-coffee-martini.md)
- [/the-coffee-mill/](/md/the-coffee-mill.md)
- [/the-coffee-cups-a-short-story/](/md/the-coffee-cups-a-short-story.md)
- [/the-coffee-breakfast-cereal/](/md/the-coffee-breakfast-cereal.md)
- [/the-coffee-house-a-history/](/md/the-coffee-house-a-history.md)
- [/the-coffee-song/](/md/the-coffee-song.md)
- [/the-cosori-pour-over-coffee-maker/](/md/the-cosori-pour-over-coffee-maker.md)
- [/the-coffee-siphon-the-simple-tutorial/](/md/the-coffee-siphon-the-simple-tutorial.md)
- [/the-decaf-diaries/](/md/the-decaf-diaries.md)
- [/the-espro-press-overview/](/md/the-espro-press-overview.md)
- [/the-hamilton-beach-cool-touch-tea-kettle-review/](/md/the-hamilton-beach-cool-touch-tea-kettle-review.md)
- [/the-frieling-french-press/](/md/the-frieling-french-press.md)
- [/the-history-of-greek-style-frappe/](/md/the-history-of-greek-style-frappe.md)
- [/the-history-of-instant-coffee/](/md/the-history-of-instant-coffee.md)
- [/the-high-end-micro-lot/](/md/the-high-end-micro-lot.md)
- [/the-lazy-persons-guide-to-making-coffee-at-home/](/md/the-lazy-persons-guide-to-making-coffee-at-home.md)
- [/the-new-culture-of-coffee-in-india/](/md/the-new-culture-of-coffee-in-india.md)
- [/the-naked-portafilter/](/md/the-naked-portafilter.md)
- [/the-melitta-manual-6-cup-coffee-maker/](/md/the-melitta-manual-6-cup-coffee-maker.md)
- [/the-naturally-caffeine-free-coffee-plant/](/md/the-naturally-caffeine-free-coffee-plant.md)
- [/the-local-cafe-van-gogh-coffeehouse-seattle/](/md/the-local-cafe-van-gogh-coffeehouse-seattle.md)
- [/the-mighty-bean-gets-ground-down/](/md/the-mighty-bean-gets-ground-down.md)
- [/the-home-roaster-color-chart/](/md/the-home-roaster-color-chart.md)
- [/the-quest-for-good-coffee-in-the-office/](/md/the-quest-for-good-coffee-in-the-office.md)
- [/the-sound-of-espresso-music-to-my-ears/](/md/the-sound-of-espresso-music-to-my-ears.md)
- [/the-perfect-solution-for-cold-brew-coffee-on-the-go/](/md/the-perfect-solution-for-cold-brew-coffee-on-the-go.md)
- [/the-quick-economics-of-home-roasting-coffee/](/md/the-quick-economics-of-home-roasting-coffee.md)
- [/the-perfect-latte/](/md/the-perfect-latte.md)
- [/third-wave-water-review/](/md/third-wave-water-review.md)
- [/the-quantified-coffee-drinker/](/md/the-quantified-coffee-drinker.md)
- [/the-tombs/](/md/the-tombs.md)
- [/the-poplite-air-popper-a-cheap-home-coffee-roaster/](/md/the-poplite-air-popper-a-cheap-home-coffee-roaster.md)
- [/the-worlds-first-coffee-pot-turkish-coffee/](/md/the-worlds-first-coffee-pot-turkish-coffee.md)
- [/the-story-of-the-bialetti-moka-express/](/md/the-story-of-the-bialetti-moka-express.md)
- [/the-smoothest-cup-youll-ever-drink-swedish-egg-coffee/](/md/the-smoothest-cup-youll-ever-drink-swedish-egg-coffee.md)
- [/tips-for-quick-and-easy-iced-coffee/](/md/tips-for-quick-and-easy-iced-coffee.md)
- [/tiramisu-for-espresso-lovers/](/md/tiramisu-for-espresso-lovers.md)
- [/toasted-mate-and-rooibos/](/md/toasted-mate-and-rooibos.md)
- [/top-3-ways-to-re-use-your-coffee-grounds/](/md/top-3-ways-to-re-use-your-coffee-grounds.md)
- [/traditional-chai-tea-recipe/](/md/traditional-chai-tea-recipe.md)
- [/tres-leches-latte-or-is-it-tre-lattes-latte/](/md/tres-leches-latte-or-is-it-tre-lattes-latte.md)
- [/troubleshooting-french-press-coffee/](/md/troubleshooting-french-press-coffee.md)
- [/top-10-signs-of-a-good-coffee-house/](/md/top-10-signs-of-a-good-coffee-house.md)
- [/top-7-health-benefits-of-drinking-coffee/](/md/top-7-health-benefits-of-drinking-coffee.md)
- [/uniterra-nomad-espresso-machine-review/](/md/uniterra-nomad-espresso-machine-review.md)
- [/truth-major-religions-view-coffee/](/md/truth-major-religions-view-coffee.md)
- [/trey-anastasio-coffee-achiever/](/md/trey-anastasio-coffee-achiever.md)
- [/top-10-ways-you-know-you-are-really-into-coffee/](/md/top-10-ways-you-know-you-are-really-into-coffee.md)
- [/top-10-dangers-of-the-coffee-enema/](/md/top-10-dangers-of-the-coffee-enema.md)
- [/upside-aeropress-coffee-brewing-tutorial/](/md/upside-aeropress-coffee-brewing-tutorial.md)
- [/vac-pot-brewing-with-the-yama-syphon/](/md/vac-pot-brewing-with-the-yama-syphon.md)
- [/using-the-barista-home-espresso-machine/](/md/using-the-barista-home-espresso-machine.md)
- [/vacuum-pot-brewing/](/md/vacuum-pot-brewing.md)
- [/vac-pot-brewing-with-the-bodum-santos/](/md/vac-pot-brewing-with-the-bodum-santos.md)
- [/vac-pot-brewing-with-the-starbucks-utopia/](/md/vac-pot-brewing-with-the-starbucks-utopia.md)
- [/vietnamese-coffee-culture/](/md/vietnamese-coffee-culture.md)
- [/viennese-coffee-and-cappuccino-muffins/](/md/viennese-coffee-and-cappuccino-muffins.md)
- [/visiting-the-starbucks-mothership/](/md/visiting-the-starbucks-mothership.md)
- [/vegan-cold-coffee/](/md/vegan-cold-coffee.md)
- [/vietnam-silent-global-coffee-power/](/md/vietnam-silent-global-coffee-power.md)
- [/vietnamese-iced-coffee-brewing-tutorial-by-inanimate-objects/](/md/vietnamese-iced-coffee-brewing-tutorial-by-inanimate-objects.md)
- [/west-bend-popper-2-rewire-coffee-roasting/](/md/west-bend-popper-2-rewire-coffee-roasting.md)
- [/whipped-cream-amazement/](/md/whipped-cream-amazement.md)
- [/yellow-coat-two-coffee-paintings-tell-a-short-story/](/md/yellow-coat-two-coffee-paintings-tell-a-short-story.md)
- [/why-mormons-dont-drink-coffee-or-tea/](/md/why-mormons-dont-drink-coffee-or-tea.md)
- [/why-home-roast/](/md/why-home-roast.md)
- [/winter-home-roasting/](/md/winter-home-roasting.md)
- [/what-flavor-are-you-your-preference-in-coffee-says-a-lot-about-you/](/md/what-flavor-are-you-your-preference-in-coffee-says-a-lot-about-you.md)
- [/why-we-hate-starbucks/](/md/why-we-hate-starbucks.md)
- [/wysiwyg-coffee-comics-2/](/md/wysiwyg-coffee-comics-2.md)
- [/you-might-be-a-coffee-snob-if/](/md/you-might-be-a-coffee-snob-if.md)
- [/winter-coffee-achiever/](/md/winter-coffee-achiever.md)
- [/wysiwyg-coffee-comics-1/](/md/wysiwyg-coffee-comics-1.md)
- [/winter-coffee-achiever-2-0/](/md/winter-coffee-achiever-2-0.md)
- [/your-brain-on-coffee-how-caffeine-affects-brain-chemistry/](/md/your-brain-on-coffee-how-caffeine-affects-brain-chemistry.md)
